name,specialization,fee,ratings,str_number,gender
Adam Lopez,Endocrinology,487193,4,STR42627,Female
Kenneth Juarez Jr.,Cardiology,176996,5,STR40338,Female
Linda Jones,Gastroenterology,370503,2,STR73886,Female
Carla Mccullough,Surgery,228682,4,STR98861,Female
April Jordan,Urology,232831,3,STR20068,Female
Margaret Ware,Pediatrics,264926,2,STR06070,Male
Catherine Roberts,Radiology,242003,2,STR64676,Male
Michael Adams,Dermatology,273183,5,STR76371,Female
Richard Hines MD,Dermatology,448777,3,STR10046,Female
John Hayes,Endocrinology,271230,5,STR55005,Female
Justin Medina,Psychiatry,129749,3,STR14862,Female
Kenneth Mercado,Gastroenterology,226569,5,STR95279,Male
Samantha Taylor,Gastroenterology,132661,4,STR99919,Female
Nicole Willis,Endocrinology,169584,4,STR47217,Female
William Hines,Pediatrics,301074,3,STR74280,Female
April Ferguson,Radiology,289442,3,STR68618,Male
Patricia Malone,Surgery,60251,1,STR58415,Female
Mr. James Mueller,Oncology,349087,1,STR18043,Male
Derek Nelson,Gastroenterology,432229,4,STR18555,Female
Luis Lawson,Psychiatry,462768,4,STR39629,Male
Patricia Smith,Psychiatry,176079,4,STR85898,Male
Diana Parks,Radiology,64131,1,STR26911,Female
Colton Lee,Endocrinology,485740,4,STR14176,Male
Wendy Smith,Pediatrics,367249,2,STR71558,Female
Kayla Ray,Gastroenterology,137085,2,STR52806,Male
Heather Martin,Gastroenterology,344992,2,STR18472,Female
Luis Jacobs,Neurology,206504,5,STR41442,Female
Jeffrey Mccarty,Surgery,439306,4,STR16247,Male
Angela Phillips,Dermatology,359197,3,STR59050,Male
Shirley Wright,Gastroenterology,66039,1,STR63384,Male
Stephen Walters,Pediatrics,285000,2,STR78439,Female
Melanie Ortiz,Psychiatry,54458,5,STR76280,Female
Gabriella Alvarado,Dermatology,360870,3,STR54251,Male
Michael Jefferson,Cardiology,356983,5,STR33181,Male
Meagan Camacho,Urology,481449,4,STR67212,Female
Sharon Jones,Oncology,71291,2,STR97891,Male
Debra Collins,Psychiatry,426150,2,STR36861,Male
Emily Salazar,Gastroenterology,131530,4,STR19068,Male
Benjamin Adams,Dermatology,162698,3,STR55031,Male
Brandon Coleman,Urology,195836,5,STR01199,Female
Tracy Norton,Radiology,108382,4,STR44957,Male
Catherine Murphy,Surgery,389803,2,STR37786,Female
David Tate,Endocrinology,302450,2,STR33415,Male
Carlos Lopez,Endocrinology,179891,2,STR01368,Female
Michele Wright,Oncology,154287,1,STR13423,Male
Joanna Day,Gastroenterology,89458,3,STR28464,Male
Olivia Harris,Radiology,372374,2,STR13487,Female
Shirley Olsen,Surgery,204522,2,STR86441,Female
Erika Alexander,Neurology,476670,2,STR35596,Female
Katie King,Gastroenterology,430515,1,STR20857,Female
Lisa Francis,Urology,99303,5,STR30185,Male
Karen Hart,Neurology,462001,1,STR73644,Male
Kari Cohen,Gastroenterology,126115,3,STR47303,Female
Christopher Rodriguez,Oncology,426891,2,STR59074,Female
Daniel Kaiser,Surgery,67199,1,STR37611,Male
Joseph Young,Endocrinology,241058,4,STR79630,Male
Michael Ward,Radiology,323798,5,STR57476,Female
James Garrett,Pediatrics,231576,3,STR33605,Female
Thomas Scott,Oncology,472779,3,STR82902,Female
Teresa Brown,Cardiology,286914,4,STR97795,Male
Billy Barker,Psychiatry,244494,5,STR83000,Female
Troy Garza,Endocrinology,465016,1,STR07495,Male
James Thompson,Cardiology,222451,1,STR32338,Female
Christopher Morales,Surgery,369447,5,STR27446,Female
Jeffrey Walker,Oncology,115080,2,STR87069,Male
Cheryl Davis,Cardiology,76168,2,STR90874,Female
Kelly White,Neurology,292142,4,STR53882,Female
Michael Eaton,Radiology,272778,5,STR78228,Male
Rebecca Howell,Endocrinology,494491,5,STR32725,Male
William Stevenson,Dermatology,282763,5,STR48277,Female
Peter Harris,Psychiatry,472668,5,STR73058,Female
Rachel Huerta,Gastroenterology,383531,5,STR00564,Male
Jessica Orozco DDS,Urology,212214,4,STR90979,Female
Nicholas Grimes,Radiology,122352,1,STR46776,Male
Priscilla Odonnell,Surgery,365807,5,STR82612,Female
Daniel Morton PhD,Gastroenterology,188089,2,STR74116,Male
Jared Holmes,Urology,460249,2,STR69055,Female
Brittany Rodriguez,Pediatrics,79197,3,STR65612,Male
Franklin Hall,Oncology,160972,2,STR20108,Female
Brett Willis,Radiology,251543,3,STR98623,Female
Darryl Barnes,Psychiatry,156275,2,STR55952,Female
James Fuentes,Gastroenterology,364595,2,STR57747,Female
Shannon Guzman,Radiology,245466,5,STR97330,Female
Christina Lee,Psychiatry,146605,5,STR69063,Male
Jacob Crane,Neurology,243404,2,STR99635,Male
Joseph Deleon,Urology,120723,3,STR06874,Female
Sherry Hughes,Psychiatry,182095,5,STR62248,Male
Kristine Smith,Endocrinology,423917,2,STR90776,Female
Jack Smith,Endocrinology,182349,1,STR32075,Female
Tina Morgan,Urology,310833,1,STR45671,Male
Duane Powers,Urology,236977,3,STR53218,Male
Krista Mccoy,Oncology,479901,1,STR10284,Female
Bobby Moreno,Endocrinology,76660,4,STR75686,Female
Laura Rodriguez,Endocrinology,254970,3,STR42520,Male
Glenda Graham,Neurology,285671,1,STR05206,Female
Brandon Phillips,Endocrinology,347630,5,STR13451,Male
Sean Beard,Dermatology,408278,4,STR30861,Male
Austin Haley,Psychiatry,172926,3,STR45037,Male
Willie Mercado,Cardiology,442576,5,STR01226,Male
Mary Monroe,Psychiatry,126804,3,STR59106,Female
James Donaldson,Neurology,116507,5,STR86864,Female
Richard Bright,Oncology,296270,4,STR81731,Female
Nicholas Nguyen,Urology,226807,1,STR03092,Male
Sabrina Bass,Radiology,131422,4,STR04121,Male
Jasmine Hawkins,Radiology,416976,2,STR44781,Male
Barbara Smith,Cardiology,229905,5,STR45666,Female
Erin Bell,Neurology,270199,4,STR98569,Male
Andrew Henderson,Dermatology,157214,4,STR80631,Female
Hannah Roberts,Psychiatry,119496,5,STR90724,Male
Rebecca Miller,Oncology,435542,2,STR02674,Female
Mr. Brad Allen,Cardiology,131513,2,STR51596,Female
Edward Bright,Surgery,493737,4,STR92100,Male
Gregory Davis,Cardiology,241397,5,STR13619,Male
Victor Erickson,Endocrinology,233131,1,STR18490,Male
Elizabeth Nguyen,Endocrinology,207630,5,STR86058,Female
Jennifer Watson,Oncology,186403,3,STR98224,Female
Charles Herring,Cardiology,289606,1,STR68658,Female
Benjamin Barrett,Cardiology,438112,2,STR66566,Female
Virginia Morris,Endocrinology,366701,2,STR93760,Female
Jason Harper,Surgery,144978,1,STR12529,Male
Christopher Austin,Pediatrics,458271,2,STR16319,Female
Christopher Lamb,Surgery,164257,5,STR58764,Female
Lisa Bell,Cardiology,286879,5,STR71187,Male
Edward Maynard,Pediatrics,271409,4,STR77862,Female
Andre Bass,Neurology,298924,2,STR20011,Male
John Ward,Endocrinology,342941,5,STR72633,Male
Alan White,Cardiology,136005,4,STR86708,Male
Bobby Tate,Oncology,126779,1,STR28230,Female
Justin Massey,Cardiology,444656,3,STR44157,Male
Jon Sullivan,Urology,404402,4,STR12758,Female
Benjamin Phillips,Pediatrics,457467,1,STR44065,Male
Martin Osborne,Pediatrics,236723,3,STR75261,Female
Jose Martin,Urology,356011,4,STR64640,Male
Nicole Mcdonald,Dermatology,129183,1,STR52679,Male
Samantha Hanson,Neurology,425889,2,STR48540,Female
Terry Stewart,Endocrinology,172749,3,STR97465,Female
Kimberly Thompson,Urology,294275,2,STR36246,Male
Robert Ibarra,Psychiatry,57071,1,STR08838,Female
Jessica Lang,Dermatology,160410,2,STR77053,Male
Christopher Anderson,Dermatology,450181,5,STR36097,Male
Stephanie Lawson,Neurology,109564,1,STR89123,Male
Erika Rollins,Endocrinology,346181,2,STR25520,Male
Beth Weiss,Gastroenterology,448966,1,STR92150,Male
Monique Smith,Neurology,257565,4,STR26454,Female
Jason Duncan,Dermatology,495742,3,STR50175,Female
Michael Knapp,Radiology,188783,3,STR56703,Female
Reginald Park,Neurology,369346,2,STR92509,Male
Jacqueline Young,Surgery,210087,5,STR29466,Male
Kayla Ayala,Surgery,205526,5,STR38790,Female
Kathryn Williams,Pediatrics,78199,2,STR67530,Female
Kendra Cobb,Oncology,253795,5,STR68662,Female
Jessica Glass,Surgery,398038,5,STR58974,Female
Tiffany Allen,Dermatology,443749,2,STR27869,Female
Lorraine Jackson,Radiology,412672,5,STR61180,Male
Carlos Hansen,Gastroenterology,52327,1,STR86446,Female
Rhonda Mendez,Surgery,329513,1,STR17536,Male
Kimberly Hahn,Pediatrics,425322,5,STR74635,Male
Mitchell Morgan,Psychiatry,341711,2,STR42245,Female
Krystal Mason,Cardiology,242680,1,STR03063,Female
Phillip Hill,Neurology,172324,3,STR19580,Male
Michael Jackson,Dermatology,82121,5,STR99295,Female
Theresa Warren,Urology,246046,5,STR44823,Female
Renee Carter,Psychiatry,198735,4,STR33313,Female
Tammy Martinez,Neurology,446638,3,STR71540,Male
Robert Moore,Urology,393126,2,STR04549,Female
Theodore Hanson,Urology,191204,4,STR29476,Male
Kevin Garcia,Radiology,356845,1,STR69592,Female
Melinda Hansen,Gastroenterology,166819,2,STR14454,Female
Aaron Simmons,Gastroenterology,363390,2,STR50659,Female
Scott Stevens,Radiology,419544,5,STR86425,Female
Caitlyn Miller MD,Psychiatry,160652,3,STR02776,Male
Jacqueline Hill,Gastroenterology,103789,3,STR20586,Male
Debra Lane,Endocrinology,415859,2,STR40421,Female
Amy Benson,Pediatrics,222471,1,STR65620,Female
Mary Brooks MD,Urology,381240,2,STR51545,Male
Jessica Craig,Pediatrics,487179,2,STR29615,Female
Kendra Kirby,Cardiology,441687,4,STR10007,Male
Timothy Gomez,Cardiology,395328,4,STR56192,Male
Christopher Williams,Dermatology,468659,1,STR19149,Male
Zachary Potter,Surgery,160141,3,STR91700,Female
Rhonda Landry,Surgery,119963,3,STR59176,Female
Erika Neal,Dermatology,235237,3,STR64516,Female
Melissa Stein,Cardiology,170265,1,STR55798,Male
Tyler Merritt,Dermatology,241809,5,STR98440,Male
Brandon Bates,Dermatology,281410,4,STR95433,Female
Thomas Woods,Surgery,198795,1,STR02849,Male
Dustin Johnson,Psychiatry,437988,3,STR63464,Male
Heather Jones,Oncology,349851,5,STR80016,Male
Susan Jordan,Dermatology,293953,4,STR58916,Male
Lori Petty,Gastroenterology,207877,5,STR40927,Male
Henry Brown,Dermatology,465365,4,STR62992,Male
Justin Hughes,Pediatrics,176487,2,STR09865,Male
Sandy Anderson,Oncology,278296,4,STR58984,Female
Scott Ball,Pediatrics,334751,3,STR19584,Female
Jeremy Rangel,Pediatrics,478211,5,STR68005,Female
Karen Burton DVM,Gastroenterology,54866,5,STR06409,Female
Stephen Hanson,Surgery,223915,3,STR05378,Male
Matthew Stokes,Dermatology,252351,5,STR17921,Male
Mark Duncan,Cardiology,482262,4,STR69655,Female
Ryan Reyes,Cardiology,213608,5,STR19841,Male
Travis Gates,Surgery,328422,1,STR66325,Male
Thomas Conley,Surgery,308749,4,STR29862,Male
Andrew Thomas,Endocrinology,414127,1,STR11037,Female
Lori Stewart,Oncology,414445,3,STR28839,Male
Bobby Wilson,Gastroenterology,357040,5,STR44006,Male
William Cook,Oncology,463459,5,STR71544,Female
Michelle Harris,Gastroenterology,278153,1,STR36110,Female
Jonathan Tran,Cardiology,410823,3,STR99784,Female
Veronica Hawkins,Neurology,350933,5,STR28377,Male
Derek Newton,Endocrinology,284872,3,STR21939,Female
Donna Ramirez,Neurology,416507,5,STR25293,Female
Christina Davis,Oncology,347796,5,STR39523,Female
Lisa Williams,Psychiatry,316228,1,STR79830,Female
Lynn Adams,Endocrinology,91435,4,STR59569,Female
Susan Palmer,Radiology,118320,4,STR77823,Male
Joseph Rivera,Pediatrics,304947,4,STR03459,Male
Larry Burns,Neurology,163718,5,STR46523,Male
Tony Howard,Pediatrics,188542,3,STR41900,Female
Thomas Banks,Endocrinology,221402,2,STR15941,Male
Michelle Potter,Radiology,461203,3,STR26903,Female
Linda Green,Neurology,267914,2,STR24705,Female
Timothy Gibbs,Surgery,204730,1,STR38036,Male
Sara Johnson,Neurology,326430,3,STR69757,Male
Jared King,Psychiatry,86089,1,STR51738,Male
Philip Fields,Psychiatry,451509,2,STR65331,Male
Brandon Miller,Endocrinology,413794,2,STR77448,Female
James Reid,Radiology,479030,4,STR99644,Male
Jessica Rodriguez,Neurology,268991,4,STR15554,Male
Anne Marshall,Endocrinology,155157,3,STR37746,Female
Jennifer Ford,Endocrinology,491505,4,STR79294,Male
Andrea Hicks,Dermatology,381453,3,STR61762,Male
Kelly Cruz,Dermatology,288664,1,STR38737,Male
Samantha Warren,Dermatology,209864,5,STR14243,Male
Thomas Marshall,Psychiatry,272327,1,STR82790,Male
Sharon Webb,Urology,59774,4,STR75100,Female
Jesse Miller,Gastroenterology,55957,1,STR46127,Female
Katherine Williams,Pediatrics,117808,3,STR09089,Male
Cody Foster,Psychiatry,134933,5,STR52947,Female
David Anderson,Urology,91213,5,STR05232,Male
Barbara Wiley,Endocrinology,107249,2,STR80474,Female
Mary Neal,Cardiology,453618,5,STR20475,Female
Ms. Crystal Davis,Endocrinology,479405,3,STR17639,Female
Brian Thomas,Gastroenterology,290235,3,STR93412,Male
Trevor Williams,Dermatology,288935,4,STR75758,Female
Mr. Brett Massey,Neurology,309524,5,STR79621,Female
Hayley Patterson,Dermatology,100747,4,STR45408,Female
Donald Clay,Dermatology,141541,5,STR87460,Male
Hannah Short,Oncology,137659,2,STR03901,Female
Sandra Villa,Psychiatry,324960,2,STR89315,Female
Julie Cannon,Radiology,156945,2,STR17811,Female
Jessica Smith,Radiology,148647,1,STR03556,Female
Isaiah Schroeder,Psychiatry,122453,1,STR57804,Male
Ryan Todd,Psychiatry,151053,1,STR70105,Male
Michael Thompson,Gastroenterology,189442,5,STR58993,Male
Anthony Carlson,Psychiatry,206339,2,STR33765,Male
Glenda Carter,Oncology,350353,2,STR51776,Female
Katie Christian,Cardiology,67344,1,STR53271,Male
Elizabeth Gibbs,Urology,182709,2,STR96574,Female
Jason Smith,Radiology,82943,2,STR01499,Male
Wendy Lee,Oncology,315706,2,STR61573,Female
Donald White,Radiology,262295,4,STR62510,Male
Brandon Wheeler,Neurology,212988,2,STR42682,Male
Edwin Simmons,Endocrinology,362137,2,STR30505,Male
Victor Figueroa,Urology,308424,4,STR33467,Female
Terri Bailey,Neurology,286248,4,STR56986,Male
William Brown,Radiology,486934,5,STR94035,Male
Oscar Rodriguez,Urology,293658,4,STR51323,Female
Jennifer Rivers,Psychiatry,147323,5,STR73532,Female
Jose Garrett,Neurology,197301,3,STR25554,Male
Mary Torres,Pediatrics,490819,4,STR35997,Female
Michael Crosby,Pediatrics,149587,2,STR06456,Female
Laura Scott,Psychiatry,400867,2,STR49417,Male
Alyssa Kim,Cardiology,179512,2,STR60179,Female
Michael Williams,Radiology,130640,3,STR53509,Female
Bradley Walker,Psychiatry,370703,4,STR57513,Female
Tammy Taylor,Neurology,339442,2,STR25420,Female
Jackie Evans,Pediatrics,306493,3,STR32993,Female
Scott Warren IV,Endocrinology,429720,2,STR21981,Female
Heather Jones,Endocrinology,173840,4,STR26718,Female
Jessica Hurley,Endocrinology,180632,3,STR99650,Male
Karina Peterson,Psychiatry,215352,1,STR65289,Female
Michael Sims,Pediatrics,175199,1,STR29517,Male
Rhonda Duran,Oncology,367032,5,STR51106,Female
David Anderson,Cardiology,208064,2,STR00474,Male
Juan Alvarado,Cardiology,317074,3,STR65412,Male
Nicole Jones,Neurology,410539,1,STR35604,Female
Robin Lara,Oncology,164553,5,STR00785,Male
Cynthia Martinez,Dermatology,439519,1,STR51738,Female
Deborah Esparza,Urology,224409,1,STR62867,Male
Ryan Winters,Dermatology,432607,2,STR50959,Female
Paul Mora,Endocrinology,459433,2,STR37544,Male
Donna White,Cardiology,476140,1,STR70052,Male
Mark Webb,Pediatrics,93656,3,STR46118,Male
Brenda Quinn,Surgery,162216,2,STR33976,Male
Richard Lambert,Dermatology,384869,3,STR85457,Male
Hector Gordon,Neurology,461347,5,STR26966,Female
Mike Orr,Cardiology,296660,4,STR19495,Female
Jessica Osborne,Pediatrics,268642,3,STR24681,Male
Angel Stewart,Gastroenterology,400920,2,STR03518,Male
Kimberly Price,Pediatrics,488586,3,STR80997,Female
Justin King,Dermatology,397481,5,STR25194,Male
David Hernandez,Gastroenterology,377570,4,STR10135,Male
Amanda Davis,Psychiatry,473303,2,STR57220,Female
Kyle Williams,Radiology,266896,1,STR83725,Female
Andrea Cummings,Neurology,73372,5,STR43490,Male
Margaret Moreno,Pediatrics,188703,5,STR14764,Female
Richard Schroeder,Pediatrics,199609,1,STR83903,Female
Tyler Hall,Cardiology,238521,2,STR18489,Male
Matthew Vasquez,Psychiatry,411633,5,STR76892,Male
Joseph Jones,Dermatology,126593,2,STR76415,Male
Christina Cannon,Psychiatry,70128,5,STR60031,Female
Kelly Harrison,Urology,313818,3,STR57160,Female
Norma Mendoza,Cardiology,191493,5,STR24000,Female
Lauren Elliott,Psychiatry,289303,2,STR92063,Female
Samuel Castillo,Psychiatry,233363,3,STR26561,Female
Jennifer Cannon,Urology,172196,2,STR41783,Male
Zachary Rhodes,Dermatology,208969,1,STR13736,Male
Heather Myers,Pediatrics,498724,1,STR42662,Male
Lisa Robles,Cardiology,448799,5,STR14264,Male
Amy Benson,Pediatrics,340406,3,STR88389,Male
Katie Garcia,Gastroenterology,214495,3,STR46431,Male
Timothy Gutierrez,Urology,420869,5,STR66783,Female
Jamie Rodriguez,Pediatrics,99045,2,STR20007,Male
Kristen Horne,Urology,445542,1,STR88470,Female
Andrew Potter,Neurology,52054,3,STR15962,Female
Benjamin Dawson,Surgery,54708,1,STR85753,Male
Michael Rivera,Gastroenterology,358025,1,STR05663,Male
Lisa James,Surgery,196162,2,STR93767,Male
Amber Ruiz,Radiology,112010,4,STR25232,Female
Marie Adams,Urology,343787,4,STR21272,Female
Whitney Higgins,Psychiatry,277256,4,STR14314,Female
Travis Brown,Surgery,54008,3,STR87003,Female
Glenn Vazquez,Gastroenterology,133313,4,STR67795,Female
Christopher Watson,Urology,226770,1,STR78680,Female
Danielle Davis,Dermatology,321127,5,STR58781,Female
Pamela Fowler,Radiology,68333,1,STR95642,Female
Timothy Lloyd,Urology,293809,1,STR61842,Male
Jeffrey Brown,Urology,411857,5,STR66891,Male
Tiffany Collins,Neurology,472460,1,STR97265,Female
Bruce Ruiz,Neurology,282627,4,STR35312,Female
Nancy Herman,Urology,109844,5,STR19315,Female
Terri Vasquez,Cardiology,95483,2,STR41048,Female
Caitlin Henson,Gastroenterology,266314,4,STR65653,Male
Mr. Sean Williams,Neurology,69183,4,STR43213,Female
Tanya Hogan,Oncology,386229,1,STR56400,Male
Danny Lane,Surgery,159707,2,STR73493,Female
Matthew Cole,Neurology,133280,5,STR39701,Male
Jamie Williams,Urology,358109,5,STR97533,Female
Donna Carroll,Radiology,217177,5,STR55024,Female
John Powell PhD,Dermatology,185226,1,STR25997,Male
Kimberly Nelson,Gastroenterology,178277,1,STR16794,Female
Brian Jones,Cardiology,111133,3,STR94942,Female
Mark Andrews DVM,Gastroenterology,332684,3,STR14293,Male
Peter Sanders,Oncology,261784,3,STR20325,Female
Sean Vasquez,Oncology,218750,5,STR86436,Male
Anne Dyer,Neurology,134162,3,STR37407,Male
Stephanie Jones,Oncology,285349,1,STR05665,Male
Stephen Willis,Surgery,284692,3,STR71638,Male
Robert Cole,Psychiatry,482491,5,STR14725,Male
Robert Blackburn,Dermatology,249467,2,STR21551,Female
Timothy Jackson,Neurology,75868,4,STR76717,Male
Andrew Curry,Psychiatry,268753,4,STR59277,Male
Dr. Misty Parker,Urology,82807,3,STR18748,Female
Marcus Larson,Oncology,280657,1,STR87280,Male
Taylor Anderson,Gastroenterology,341462,3,STR43965,Female
Brian Knight,Endocrinology,202360,4,STR22838,Female
Daniel Mitchell,Radiology,265357,2,STR98665,Male
Drew Holmes,Surgery,119882,4,STR76704,Male
Shane Parsons,Surgery,491114,3,STR61014,Female
Michael Williams,Cardiology,119399,5,STR63114,Male
Eric Mueller,Dermatology,417938,5,STR48949,Female
James Colon,Gastroenterology,70174,5,STR12767,Female
Jose Vasquez,Neurology,70474,2,STR02777,Female
Taylor Duke,Cardiology,415202,4,STR48259,Female
Elizabeth Williamson,Neurology,189660,3,STR61367,Male
Emily Wagner,Surgery,339736,1,STR43752,Female
Mr. Parker Todd,Urology,263817,5,STR84196,Male
Bridget Conley,Psychiatry,377562,3,STR16303,Female
Phillip Perkins DVM,Surgery,151394,3,STR68943,Female
Nathan Lewis,Radiology,121132,3,STR33348,Female
Shannon Harris II,Pediatrics,299281,3,STR87294,Female
Franklin Ruiz,Oncology,259035,4,STR88814,Male
Gabriel Mckinney,Urology,173417,3,STR15000,Female
Brooke Buckley,Gastroenterology,367383,2,STR50103,Male
Bailey Estrada,Radiology,434290,1,STR81412,Female
Cynthia Schwartz,Neurology,245573,1,STR64399,Female
Christopher Hodges,Radiology,434248,4,STR67408,Female
Kathryn Baker,Pediatrics,106406,4,STR99916,Female
Kelly Riley MD,Surgery,403015,4,STR17080,Female
Johnny Mueller,Cardiology,157733,5,STR41498,Male
Karen Campbell,Dermatology,197482,3,STR63439,Female
James Smith,Surgery,74339,5,STR08969,Male
Karen Parker,Neurology,246536,3,STR40266,Male
Michelle Martin,Psychiatry,184233,3,STR29371,Female
Marcus Watkins,Pediatrics,457341,4,STR65548,Female
Karen Hunter,Endocrinology,217891,4,STR62759,Female
Henry Bailey DVM,Dermatology,94364,3,STR85731,Male
Tanya Martinez,Endocrinology,240099,3,STR14413,Female
Tina Wolf,Psychiatry,117963,2,STR61628,Female
Anne Wilson,Dermatology,482935,1,STR70947,Female
Diana Chan,Pediatrics,77916,3,STR12349,Female
Susan Velasquez,Radiology,98028,2,STR14351,Female
Linda Cunningham,Dermatology,145559,4,STR50318,Female
Zachary Ellis,Surgery,422800,5,STR28952,Female
Catherine Payne,Endocrinology,394050,4,STR75140,Male
Brandy Bush,Surgery,385901,2,STR08039,Male
David Lutz,Cardiology,384383,4,STR38542,Female
Jason Johnson,Dermatology,306456,1,STR25875,Female
Lisa Wise,Psychiatry,363870,4,STR60987,Female
Anthony Wilcox,Radiology,308829,2,STR74001,Female
David Hayes,Dermatology,404804,5,STR56859,Male
Heather Crawford,Pediatrics,471534,3,STR16426,Female
Casey Little,Psychiatry,347604,5,STR02500,Male
Brooke Douglas,Gastroenterology,189789,3,STR19419,Female
Christopher Johnson,Cardiology,476041,4,STR22867,Male
Peter Gamble,Cardiology,274945,3,STR53532,Female
Nathan Hudson,Oncology,125363,1,STR06948,Male
Sara Martin,Oncology,244291,2,STR34127,Female
Brianna Robbins,Dermatology,354720,2,STR94582,Female
Richard Snyder,Neurology,402412,1,STR62504,Female
Joseph Warren,Neurology,63298,3,STR64677,Female
Steven Cooper,Dermatology,427893,2,STR41217,Female
Jason Johnson,Urology,188409,2,STR99687,Male
Sarah Moses,Cardiology,129817,3,STR59625,Male
Michelle Wang,Psychiatry,166298,1,STR65794,Female
Leslie Obrien,Radiology,138263,5,STR04308,Female
Jonathan Wolfe,Gastroenterology,172957,4,STR82905,Female
John Gutierrez,Urology,66963,5,STR23930,Male
Christy Ortiz,Psychiatry,216713,2,STR36470,Female
Melissa Garrison,Urology,183309,2,STR42208,Male
Kerry Zuniga,Radiology,239477,3,STR11289,Male
Stephanie Wall,Endocrinology,238679,3,STR07814,Female
John Day,Gastroenterology,164411,2,STR56074,Female
Angela Cervantes,Gastroenterology,151162,3,STR24973,Female
Jessica Frazier,Cardiology,78479,5,STR35680,Male
Casey Todd,Dermatology,272516,4,STR33227,Female
James Ibarra,Gastroenterology,258957,3,STR24339,Male
David Marshall,Neurology,273276,1,STR88564,Female
Judy Vance,Surgery,329516,2,STR06530,Male
Michael Martinez,Radiology,178823,1,STR36142,Female
Joseph Dickerson,Gastroenterology,235617,2,STR32704,Female
Diana Chapman,Radiology,434573,2,STR40802,Male
Vicki Campbell,Surgery,436244,4,STR36627,Female
Dennis Rivera,Cardiology,242246,1,STR67327,Female
Marcus Zimmerman,Gastroenterology,474523,3,STR07100,Female
Olivia Williams,Gastroenterology,174686,3,STR43394,Female
Tina Gonzalez,Gastroenterology,477772,1,STR40101,Male
Rachel Wilson,Gastroenterology,141942,2,STR82441,Female
Joseph Peterson,Endocrinology,177859,2,STR49660,Female
Dr. James Williams,Neurology,84581,4,STR19300,Female
Todd Dennis,Psychiatry,318158,4,STR15425,Female
Tiffany Fuller,Pediatrics,214255,2,STR39404,Male
Donna Irwin,Radiology,429732,4,STR01435,Female
Rebecca Myers,Gastroenterology,364153,2,STR55797,Female
Amy Powers,Gastroenterology,450593,4,STR69957,Female
Jessica Smith,Gastroenterology,414578,3,STR74991,Female
Kevin Johnson,Surgery,444588,3,STR88578,Male
Kayla Willis,Pediatrics,384408,1,STR15291,Male
Brenda Hernandez,Endocrinology,384199,5,STR55776,Male
Dwayne Mcgrath,Endocrinology,252432,1,STR50796,Female
James Pearson,Endocrinology,417394,5,STR31912,Female
Jonathan Brooks,Neurology,277235,3,STR42196,Male
Jesse Thomas,Gastroenterology,328990,2,STR44661,Female
Gary Farmer,Oncology,70779,4,STR36825,Male
Nathan Williams,Urology,190531,1,STR05147,Female
Jose Scott,Pediatrics,489148,4,STR61447,Male
Cory Bryan,Endocrinology,168340,5,STR62818,Male
Taylor Yang,Cardiology,91882,4,STR17075,Female
Jeremiah Estrada,Surgery,490805,5,STR40412,Male
Sydney Murphy,Urology,135388,1,STR30260,Female
Jill Morrison,Urology,236140,1,STR78984,Male
Melissa Walters,Pediatrics,390960,1,STR48017,Female
Linda Phillips,Neurology,111884,5,STR40399,Male
Kelly Hernandez,Urology,360261,5,STR07532,Male
Justin Espinoza,Neurology,179016,1,STR74062,Male
David Green,Gastroenterology,123921,3,STR99292,Male
Caitlin Bartlett,Surgery,399039,3,STR14937,Male
Jerry Phillips,Psychiatry,272178,1,STR85969,Male
Joshua Horn,Gastroenterology,424030,1,STR68080,Female
Jennifer Morris,Oncology,417711,2,STR31819,Female
Robin Morales,Radiology,205636,4,STR52200,Male
Alyssa Fisher,Surgery,112477,2,STR01916,Female
John Keller,Endocrinology,304928,2,STR86757,Female
Olivia Powell,Radiology,359201,4,STR03461,Male
Jennifer Martin,Urology,355947,5,STR43935,Female
Tanya Bailey,Cardiology,428064,4,STR21418,Female
Janet Kennedy,Oncology,271406,4,STR70705,Female
Dustin Rodriguez,Pediatrics,237679,2,STR37944,Female
Erika Gomez,Oncology,61471,3,STR00770,Male
Randy Watson,Dermatology,289268,4,STR05963,Male
Mary Brennan,Psychiatry,320325,4,STR49546,Male
Jennifer Sanchez,Pediatrics,71537,2,STR42666,Female
Jeffrey Perez,Dermatology,429615,5,STR71905,Female
Barbara Vincent,Psychiatry,412731,2,STR19373,Male
Maria Henderson,Endocrinology,62892,3,STR71780,Male
Jessica Berg,Gastroenterology,284411,5,STR02056,Male
Dale Valdez,Endocrinology,56974,5,STR35949,Female
Curtis Baker,Urology,455361,1,STR69557,Male
Kimberly Gilbert,Cardiology,291719,1,STR90613,Male
Nicole Patel,Neurology,240134,5,STR38161,Female
Andrew Luna,Neurology,232701,1,STR43276,Female
Steven Jackson,Urology,458770,3,STR86443,Female
Jeffery Vincent,Neurology,234581,4,STR82127,Male
Dr. Lisa Smith,Neurology,181455,2,STR20427,Female
Kimberly Chase,Urology,165799,5,STR16656,Female
Michelle Allison,Pediatrics,146431,5,STR12371,Male
Tammy Scott,Urology,405086,1,STR86399,Female
William Combs,Gastroenterology,474023,4,STR79138,Female
Jennifer Johnson,Dermatology,423464,1,STR07905,Female
Jessica Mccoy,Pediatrics,232054,2,STR63335,Male
Jonathan Bailey,Psychiatry,61747,5,STR97589,Female
Wayne Chambers,Urology,496460,2,STR31870,Female
Jackie Robertson,Endocrinology,443922,3,STR42805,Female
Ashley Herring,Gastroenterology,238789,3,STR01377,Female
Dr. Daniel Carter,Neurology,254142,2,STR73049,Male
Jacqueline Nguyen,Urology,283599,5,STR98003,Male
John Weber,Pediatrics,257347,1,STR76801,Female
Cynthia Jones DVM,Radiology,487825,5,STR02139,Female
Kelly King,Pediatrics,374867,2,STR21279,Male
Cathy Bennett,Radiology,368261,2,STR54666,Male
Nancy Wilcox,Psychiatry,313856,4,STR51632,Male
Sarah Young,Pediatrics,325662,4,STR35086,Female
Jaime Parker,Surgery,357808,3,STR09655,Male
Jason Bishop,Pediatrics,186841,4,STR47909,Female
Tracy Lawrence,Cardiology,320821,5,STR27949,Female
Randy Butler,Dermatology,494644,3,STR49896,Female
Cynthia Allison,Cardiology,488530,5,STR39245,Male
Megan Smith,Radiology,150901,2,STR15614,Male
Joshua Miller,Gastroenterology,430248,1,STR03164,Male
Vanessa Simon,Surgery,355462,2,STR33788,Female
Robert Mcmillan,Dermatology,280640,1,STR41560,Female
Theresa Gomez,Dermatology,442560,3,STR25437,Male
Phillip Archer,Psychiatry,298102,1,STR70896,Male
Kristen Owens,Pediatrics,362399,2,STR14131,Male
Jacob Taylor,Gastroenterology,342234,2,STR03043,Female
Patricia Henderson,Surgery,246485,1,STR58522,Male
Michael Ross,Gastroenterology,136223,4,STR45296,Male
Trevor Oneill,Surgery,366499,5,STR79948,Male
Mark Powers,Gastroenterology,273960,4,STR67215,Female
David Friedman,Urology,253823,5,STR88448,Female
Courtney Jackson,Gastroenterology,69902,2,STR00820,Male
Tanya Gomez,Cardiology,416439,5,STR44898,Male
Elizabeth Patrick,Dermatology,242516,5,STR77579,Male
Alicia Roach,Surgery,346072,1,STR85803,Female
Jacob Williams,Endocrinology,256277,1,STR02589,Female
Emily Davis,Pediatrics,333048,1,STR33462,Female
Matthew Alvarez,Oncology,421533,5,STR98138,Female
Bryan White,Oncology,324348,3,STR16688,Male
Michael Stewart,Psychiatry,80138,2,STR24573,Female
Kristy Fisher,Oncology,114395,3,STR64477,Female
Maria Cole,Oncology,161821,3,STR57318,Female
Mark Glass,Dermatology,183843,4,STR06259,Female
Steven Galloway,Oncology,63960,3,STR80246,Male
Aaron Shepherd,Cardiology,249567,1,STR96898,Female
Katelyn Ellis,Cardiology,476418,5,STR15338,Female
Olivia Johnson,Gastroenterology,135964,4,STR13945,Female
Virginia Marks,Gastroenterology,242934,2,STR28194,Male
Kevin Wang,Oncology,314088,2,STR86782,Male
Hannah Baker,Psychiatry,120468,4,STR27982,Male
Eric Fisher,Cardiology,217922,1,STR94739,Male
Jeffery Rivera,Surgery,214150,3,STR26761,Male
Michelle Pugh,Endocrinology,99132,1,STR92639,Female
Jonathan Lowe,Neurology,362100,5,STR97543,Male
Patrick Baker,Urology,492738,3,STR54788,Female
James Washington,Oncology,74130,3,STR01256,Female
Brian Walls,Neurology,304855,4,STR84710,Male
William Taylor,Dermatology,238647,3,STR95251,Female
Whitney Mcgee,Cardiology,228978,2,STR37319,Female
Crystal Kirby,Pediatrics,279628,3,STR63926,Female
Kendra Goodwin,Dermatology,299961,5,STR74797,Male
Paula Padilla,Endocrinology,404622,4,STR67701,Male
Deborah Freeman,Surgery,468439,4,STR10101,Female
Cody Richardson,Urology,298644,4,STR07804,Female
Stacy Lopez,Neurology,239200,2,STR43817,Female
Scott Vargas,Neurology,306384,3,STR72444,Female
Stacey Stevens,Neurology,386179,4,STR95416,Female
Shaun Hubbard MD,Endocrinology,124401,2,STR14075,Female
Renee Ortiz,Neurology,438192,4,STR42376,Male
Scott Zimmerman,Endocrinology,179666,3,STR80041,Male
Justin Martinez,Pediatrics,467158,4,STR88250,Male
William Hoover,Dermatology,306363,3,STR83403,Male
Walter Dawson,Dermatology,192570,1,STR71244,Female
Jason Rangel,Endocrinology,249546,5,STR88641,Female
Valerie Fox,Urology,303097,5,STR77420,Female
Joshua Jones,Endocrinology,285005,5,STR57156,Male
Amber Murphy,Cardiology,400873,5,STR37081,Male
Troy Salazar,Radiology,492704,1,STR57668,Female
Gloria Robertson,Surgery,84436,3,STR26527,Female
Devin Williamson,Cardiology,311896,1,STR30991,Female
Antonio Mckinney,Surgery,272671,3,STR88878,Female
Ryan Francis,Cardiology,371501,5,STR81483,Male
Madeline Reynolds,Radiology,391471,3,STR86973,Female
Andrew Kemp,Pediatrics,340586,3,STR59506,Female
Travis Santos,Surgery,72497,5,STR75527,Female
Samuel Hill,Radiology,155930,3,STR42459,Female
Cheryl Chambers,Psychiatry,460123,4,STR35027,Female
Michael Freeman,Neurology,205180,2,STR86658,Male
William Howard,Radiology,61813,1,STR64165,Female
Elizabeth Nelson,Urology,341528,2,STR53134,Female
Steven Camacho,Radiology,348479,1,STR16968,Male
Alexis Bird,Urology,130449,4,STR78793,Male
Joseph Cohen,Urology,128121,3,STR25044,Male
Michael Miller,Endocrinology,401507,4,STR84203,Female
Teresa Washington,Urology,191073,5,STR20732,Male
Alyssa Baker,Cardiology,293134,1,STR18372,Male
Janice Owens,Pediatrics,79750,1,STR74044,Male
Elizabeth Weber,Radiology,272752,4,STR46309,Female
Mark Reyes PhD,Neurology,67944,2,STR21955,Female
Paula Gill,Gastroenterology,265709,5,STR95872,Male
Danielle Lee,Pediatrics,169398,2,STR76617,Male
Anne Fernandez,Cardiology,449939,4,STR96999,Male
Shannon Little,Psychiatry,97909,5,STR26718,Female
David Burns,Surgery,312368,2,STR73434,Male
Sierra Carson,Endocrinology,251951,5,STR40518,Male
Erin Knapp,Gastroenterology,167224,2,STR11137,Male
Susan Lewis,Radiology,428758,5,STR21610,Male
Whitney Morris,Surgery,179555,2,STR85488,Female
Daniel Rangel,Psychiatry,480092,2,STR62087,Male
Brian Cameron,Surgery,244068,3,STR64402,Female
Philip Maldonado,Oncology,400393,3,STR91017,Male
Andrew Vargas,Oncology,319948,5,STR18293,Female
Juan Holloway,Gastroenterology,339907,4,STR17251,Female
William Holmes,Endocrinology,144057,5,STR84340,Male
Vicki Wallace,Urology,78119,1,STR62307,Male
Laura Conner,Neurology,173510,3,STR15012,Female
Daniel Miller,Psychiatry,419510,2,STR27377,Male
Gerald Graham,Pediatrics,385228,2,STR15481,Female
Jeffrey Gregory,Dermatology,89941,4,STR41867,Male
Lauren Mclaughlin,Psychiatry,442855,1,STR27222,Female
Robert Burnett,Endocrinology,199824,5,STR31173,Male
Jeffrey Valentine,Surgery,96840,1,STR98219,Male
Mr. Michael Thomas,Dermatology,229351,2,STR85428,Female
Tonya Khan,Psychiatry,214935,3,STR60975,Male
Blake Lyons,Surgery,396001,2,STR33703,Male
John Sanchez,Gastroenterology,455933,3,STR68438,Male
Devin Lee,Cardiology,477341,4,STR54384,Female
Samuel Duran,Dermatology,217844,2,STR95254,Male
Karen White,Radiology,164851,3,STR94928,Male
Adam Silva,Endocrinology,319094,5,STR23713,Female
Elizabeth Baker,Cardiology,131448,4,STR87531,Female
Bobby Smith,Endocrinology,80363,1,STR02727,Male
Victoria Bryan,Endocrinology,230005,5,STR44695,Male
Martin Schmitt,Neurology,97840,4,STR79664,Male
Heather Waters,Neurology,385770,3,STR73251,Male
Danny Gross,Dermatology,455546,4,STR81552,Male
Kayla Hooper,Cardiology,249983,2,STR80646,Male
Judith Blanchard,Surgery,242657,1,STR16370,Female
Megan Peterson,Surgery,280589,3,STR68994,Female
Sharon Davis,Pediatrics,404427,1,STR86588,Female
Ricardo Jackson,Neurology,105345,2,STR41237,Male
Christina Mclaughlin,Urology,258744,1,STR12533,Female
Mrs. Elaine Wyatt,Pediatrics,482391,1,STR70873,Female
Alexander Turner,Radiology,384829,5,STR71915,Female
Kelsey Rodriguez,Dermatology,375216,1,STR72318,Female
Alan Silva,Dermatology,152535,4,STR83196,Male
Lisa Arnold,Oncology,269840,3,STR34727,Male
Joseph Garza,Oncology,254998,1,STR38232,Male
Michael Sanchez,Dermatology,488831,5,STR36502,Male
Debra Reeves,Urology,156193,4,STR69959,Female
Joshua Davis,Pediatrics,335381,5,STR10357,Female
Kathryn Walker,Urology,356712,5,STR17269,Female
Michele Smith,Surgery,437984,2,STR48611,Female
Edward Vazquez,Surgery,320515,5,STR10816,Male
Timothy Ortiz,Pediatrics,96472,3,STR57334,Female
Joseph Jenkins,Surgery,95337,5,STR34142,Male
Dr. Matthew Chavez PhD,Endocrinology,476296,2,STR67642,Female
Phillip Blankenship,Surgery,268113,4,STR49153,Male
Randy Bates,Dermatology,72929,1,STR96536,Male
Michael Waller,Neurology,320956,4,STR39797,Male
Jeffrey Johnson,Radiology,363639,3,STR47069,Female
Bradley Bray,Pediatrics,110114,1,STR93767,Male
Carla Nicholson,Gastroenterology,228234,1,STR44264,Male
Chelsea Gomez,Surgery,258999,2,STR32087,Male
Jennifer Newton,Oncology,270412,3,STR28365,Female
Ashley Harvey,Surgery,132208,4,STR91478,Female
Heather Stout,Pediatrics,173974,3,STR98834,Female
Richard Swanson,Surgery,264527,1,STR11280,Male
Rebecca Harvey,Cardiology,144676,5,STR34141,Female
Bruce Adams,Radiology,175097,5,STR74272,Female
Jack Gallegos,Cardiology,113231,1,STR10565,Male
Wesley Russell,Dermatology,451277,1,STR62331,Female
Daniel Fernandez,Neurology,292033,2,STR62544,Female
Jorge Johnson,Urology,461727,1,STR38970,Male
Kevin Brewer,Endocrinology,414184,5,STR87225,Female
Lee Thomas,Dermatology,186057,5,STR84224,Male
Wesley Young,Endocrinology,186893,5,STR28524,Female
Anthony Gay,Urology,165989,2,STR37064,Female
Katrina Long,Urology,210273,2,STR35179,Male
Michael Chavez,Pediatrics,200161,3,STR61405,Male
Brandy Farmer,Radiology,482072,1,STR04130,Female
Gwendolyn Howard,Pediatrics,445575,3,STR09701,Male
Roger Smith,Cardiology,148464,2,STR98719,Female
Eric Aguilar,Endocrinology,405623,3,STR12804,Female
Theodore Lewis,Psychiatry,382619,1,STR23019,Female
Mr. James Murillo,Urology,289235,5,STR99744,Female
Brooke Adams,Endocrinology,302520,4,STR57822,Female
Jeffrey Mitchell,Neurology,399986,5,STR66854,Male
John Cummings,Radiology,246166,2,STR34806,Female
Kristie White,Surgery,222552,1,STR36105,Female
Susan Holloway,Urology,83256,1,STR94178,Female
Christina Smith,Dermatology,417986,4,STR49156,Male
Nicholas Ramirez,Neurology,183697,5,STR33278,Male
Douglas Johnson,Gastroenterology,211240,5,STR13838,Female
Adam Yates,Radiology,298129,4,STR88224,Female
Elizabeth Thomas,Endocrinology,138014,3,STR67868,Male
Barbara Hood,Endocrinology,409401,4,STR84676,Male
Carol Aguilar,Oncology,76695,3,STR79590,Female
Crystal Horn,Urology,198927,4,STR36351,Female
David Yates,Urology,218197,1,STR66273,Female
Angela Reed,Pediatrics,227381,3,STR74881,Female
Johnathan Sanchez,Surgery,174804,5,STR31217,Male
Jesse Williams,Gastroenterology,102360,4,STR72884,Male
Carolyn Petty,Radiology,147709,3,STR55881,Male
Lauren Watson,Surgery,224085,1,STR78754,Male
Belinda Perkins,Cardiology,391924,2,STR35077,Male
Jessica Young,Gastroenterology,446080,5,STR03900,Male
Krystal Taylor,Surgery,150397,5,STR35782,Male
William Gomez,Dermatology,206259,1,STR88879,Female
Jeffrey Stuart,Psychiatry,455427,5,STR36079,Male
Annette Miller,Gastroenterology,407421,2,STR87485,Male
Nicole Moreno,Cardiology,158475,1,STR43633,Female
Jesse Fischer,Dermatology,479693,5,STR15705,Female
Amanda Williams,Oncology,78133,2,STR46328,Female
Justin Greene,Neurology,342133,2,STR16773,Male
Meredith Manning,Pediatrics,322400,3,STR81409,Male
Adam Evans,Urology,224634,3,STR47461,Male
John Harmon,Dermatology,319821,1,STR00093,Male
Brent Padilla,Surgery,362970,5,STR72652,Female
Carrie Rice,Neurology,483616,2,STR98864,Female
Angela Pratt,Urology,260481,4,STR23760,Female
Mr. Jack Morgan,Urology,366594,4,STR84565,Female
Edward Walker,Radiology,337117,3,STR71681,Male
Caitlin Rios,Gastroenterology,356773,4,STR82806,Male
Robert Donaldson,Radiology,363063,4,STR10560,Male
Shannon Paul,Surgery,372336,5,STR64365,Female
Anthony Weber,Radiology,57740,1,STR15957,Female
Michelle Clark,Oncology,135099,3,STR96260,Male
Jacob Prince,Cardiology,247334,1,STR75851,Female
Julie Collins,Surgery,218644,4,STR86728,Female
Brian Meyers,Gastroenterology,137568,4,STR74188,Male
Sarah Moss,Cardiology,428018,1,STR53968,Female
Jamie Goodwin,Endocrinology,401166,1,STR42179,Male
Christine Dennis,Surgery,76829,3,STR30034,Male
Crystal Owens,Dermatology,157006,4,STR60996,Male
Megan Rodriguez,Urology,314881,1,STR17310,Male
Rebekah Reed,Neurology,124010,2,STR78630,Male
Kristina Burgess,Psychiatry,288213,5,STR43577,Male
Sarah Jackson,Dermatology,191090,5,STR26787,Male
Kurt Sanders,Radiology,462515,3,STR88650,Female
Sharon Martinez,Urology,420278,1,STR28967,Female
Megan Sanchez,Gastroenterology,419423,5,STR78364,Male
Henry Edwards,Urology,135991,3,STR38254,Female
Jimmy Bass,Endocrinology,334430,1,STR38610,Female
Gregory Moore,Neurology,298634,5,STR47240,Male
Jason Howard,Dermatology,442318,1,STR64861,Male
Joshua Mendez,Psychiatry,294012,2,STR94108,Female
Joel Jackson,Neurology,65368,3,STR89267,Male
John Nelson,Oncology,235450,5,STR18972,Male
Mrs. Tiffany Mcdonald PhD,Urology,77351,1,STR68202,Female
Bradley Murray,Psychiatry,196178,2,STR09735,Male
Timothy Huffman,Oncology,244177,4,STR95211,Female
John Howard,Gastroenterology,225026,2,STR68850,Male
Peter Barrett,Surgery,112727,5,STR13924,Male
Jennifer Ferguson,Surgery,222282,1,STR88959,Female
Tracy Massey,Urology,287710,1,STR34689,Female
Christopher Foster,Cardiology,220419,2,STR83721,Female
Matthew Decker,Radiology,499241,3,STR69667,Female
Miss Jill Williams,Radiology,309389,1,STR92059,Female
Pamela Cortez,Cardiology,320938,1,STR58558,Male
Alyssa Ware,Psychiatry,460832,4,STR08717,Male
Robert Adams,Neurology,329235,1,STR62819,Female
Cassandra Jackson,Oncology,239541,5,STR94197,Female
Wendy Williams,Urology,222774,3,STR42073,Female
Nicholas Harris,Neurology,455866,2,STR00201,Male
Diane Browning,Gastroenterology,402347,1,STR85040,Female
Brian Washington,Urology,185017,5,STR42057,Female
Michael Schwartz,Surgery,113793,3,STR98537,Female
Cynthia Frost,Gastroenterology,456648,5,STR28669,Female
Benjamin Miller,Neurology,357350,5,STR61222,Female
Diana Lopez,Pediatrics,68380,3,STR89560,Female
Frank Austin,Pediatrics,373451,3,STR34115,Female
David Erickson,Urology,129379,2,STR89029,Female
Anthony Dixon,Neurology,220337,4,STR00815,Male
Lisa Lawson,Pediatrics,312464,1,STR70368,Male
Jason Hill,Pediatrics,229981,2,STR18154,Female
Sarah Hardy,Neurology,485584,4,STR66798,Female
Mr. Grant Sullivan,Dermatology,353739,2,STR54549,Male
Marc Schaefer,Urology,332154,2,STR86838,Female
Linda Lopez,Pediatrics,349004,3,STR80058,Female
Michael White,Surgery,50484,3,STR61034,Male
Steven Pitts,Urology,374011,4,STR07664,Male
Angela Rodriguez,Cardiology,274154,2,STR09898,Male
Kara Phillips,Urology,264530,1,STR83349,Male
Carol Daniels,Urology,335088,1,STR37942,Female
Mark Key,Endocrinology,148532,2,STR20575,Male
Eric Ponce,Oncology,335131,3,STR77834,Male
Larry Sloan,Urology,190742,5,STR91524,Female
Debbie Young,Neurology,78899,1,STR16199,Male
Benjamin Lindsey,Gastroenterology,88337,5,STR84733,Male
Daniel Hughes,Cardiology,272537,1,STR16219,Male
Eugene Preston,Endocrinology,381688,2,STR02005,Male
Jesus Mckee,Psychiatry,303884,4,STR40356,Female
Leslie Hampton,Pediatrics,375377,5,STR62468,Male
Melissa Hernandez,Dermatology,462937,1,STR20519,Male
Brianna Martin,Neurology,371570,4,STR74400,Male
Zachary Monroe,Gastroenterology,272248,2,STR64447,Female
Joshua Boyd,Surgery,388539,4,STR36522,Female
Travis Vega,Surgery,80461,3,STR56944,Male
Zachary Cooper,Neurology,121856,5,STR64884,Male
Nicholas Smith,Urology,285707,3,STR14697,Male
Shannon Dennis,Neurology,279982,3,STR10478,Female
Anthony Hernandez,Psychiatry,105546,4,STR74879,Female
Brandon Davis,Radiology,186537,4,STR24092,Female
Gabrielle Cochran,Psychiatry,51769,2,STR35503,Male
Thomas Sanders,Pediatrics,461479,4,STR60374,Male
Ryan Davis,Dermatology,82918,4,STR35837,Female
Jessica Davis,Pediatrics,227224,5,STR13441,Female
Deborah Torres,Endocrinology,433497,4,STR25211,Male
Mrs. Krista Miller DDS,Endocrinology,146026,3,STR13446,Male
David Hernandez,Endocrinology,148003,1,STR48045,Female
Michael Jenkins,Psychiatry,450888,5,STR36887,Female
Michael Walton DVM,Cardiology,115146,1,STR79754,Female
Stephanie Whitaker,Radiology,191984,5,STR97376,Male
Rachel Lawson,Radiology,443416,1,STR24416,Female
Nicholas Barry,Surgery,437334,5,STR68227,Female
Luis Barker,Urology,420092,5,STR05046,Male
Anita Cooper,Gastroenterology,184975,2,STR31203,Male
Brandy Cummings,Oncology,431885,2,STR01342,Male
Steven Spencer,Urology,68563,3,STR87872,Male
Lauren Hopkins,Oncology,327468,5,STR33645,Female
Nancy Bell,Radiology,431514,4,STR29732,Female
Beth Rodriguez,Psychiatry,476926,1,STR70041,Male
Jennifer Vazquez,Gastroenterology,368933,1,STR83481,Male
Nancy Deleon,Neurology,158547,2,STR00276,Female
Angel Pratt,Psychiatry,173629,1,STR43862,Male
Sandra Carter,Psychiatry,99751,5,STR12143,Female
Sarah Russell,Pediatrics,363481,5,STR40668,Female
Mrs. Jill Gould,Neurology,473080,4,STR40405,Female
Dr. Robert Chan DVM,Pediatrics,304894,3,STR51214,Female
Joseph Conner,Oncology,102920,1,STR45010,Female
Erika Dixon,Radiology,154882,3,STR06033,Female
Charles Cook,Psychiatry,112889,1,STR70097,Male
Nicholas Jordan,Psychiatry,283968,2,STR38233,Male
Alexandra Garza,Surgery,298694,2,STR82098,Female
Anthony Williams,Endocrinology,65758,5,STR96934,Female
Wesley Welch,Pediatrics,254020,2,STR93959,Male
Wesley Evans MD,Pediatrics,323647,3,STR72294,Female
Matthew York,Urology,129622,3,STR90520,Female
Donna Munoz,Oncology,415458,1,STR14183,Male
Justin Clements,Gastroenterology,143661,3,STR41250,Female
Catherine Davenport,Cardiology,476415,1,STR71429,Female
Rhonda Phillips,Urology,337229,5,STR63680,Female
Sylvia Rose DVM,Oncology,437712,3,STR07303,Male
Melissa Lewis,Endocrinology,290744,3,STR48410,Female
Madison Watkins,Neurology,77587,3,STR08390,Male
Nicole Malone,Oncology,316631,3,STR23007,Female
Jacob Davis,Pediatrics,138240,4,STR81871,Female
Jackie Anderson,Neurology,74137,4,STR86622,Male
Kyle Jackson,Urology,160486,2,STR26703,Female
James Nelson,Dermatology,466437,2,STR33096,Female
Tonya Nichols,Urology,109456,5,STR21442,Female
Michelle Adams,Urology,270575,2,STR30193,Male
David Booker,Psychiatry,277895,2,STR20415,Female
Amy Goodwin,Dermatology,227423,2,STR37560,Male
Sally Jones,Surgery,155704,3,STR68166,Female
Diane Winters,Endocrinology,293355,1,STR78000,Female
Lindsey Williamson,Oncology,444183,3,STR24152,Female
Mary Lee,Neurology,355962,1,STR46629,Female
Michael Rodriguez DDS,Psychiatry,487741,1,STR56444,Female
Wendy Kelley,Dermatology,258879,5,STR90800,Female
Jason Martinez,Neurology,398726,1,STR84603,Female
Kenneth Richards,Dermatology,83887,4,STR99020,Male
John Kline,Dermatology,394692,3,STR21129,Female
Jose Lopez,Gastroenterology,363188,1,STR46329,Female
Katherine Quinn,Surgery,249424,5,STR58610,Male
John Drake,Gastroenterology,59935,4,STR59589,Male
Sierra Powell,Surgery,366130,2,STR41206,Female
Mike Espinoza,Cardiology,52142,2,STR58039,Male
Jon Stephens,Surgery,491408,4,STR82422,Male
Jeffery Schultz,Neurology,184836,4,STR56932,Male
Scott Simpson,Pediatrics,126022,3,STR83681,Male
Nathan Wise,Oncology,469088,4,STR54306,Male
Abigail Jackson,Gastroenterology,149807,4,STR25393,Male
Kathryn Anderson,Cardiology,480059,5,STR43963,Female
Gregory Clark,Gastroenterology,451032,2,STR75255,Female
Kristen Merritt,Cardiology,252205,5,STR56975,Male
Joseph Walker,Oncology,404895,1,STR98044,Female
Kaitlyn Garcia,Neurology,373393,2,STR32205,Male
Richard Moore,Neurology,414227,1,STR39049,Female
Richard Cox,Neurology,62472,4,STR19247,Female
Andrea Flores,Gastroenterology,311529,1,STR34275,Male
Justin Thompson,Cardiology,405182,4,STR59915,Male
Dylan Jarvis,Neurology,202220,1,STR06862,Male
Albert Brown,Urology,451559,1,STR58545,Male
Amber Frost,Cardiology,348506,1,STR25722,Male
Jessica Gallagher,Gastroenterology,61231,1,STR15452,Female
Lisa Hawkins,Gastroenterology,159306,5,STR12725,Female
Jackie Bennett,Pediatrics,213762,1,STR46923,Female
Erica Morrison,Cardiology,449690,5,STR91160,Male
Mark Brown,Gastroenterology,372514,3,STR37066,Female
Jennifer Gaines,Cardiology,93148,1,STR93570,Male
Teresa Robinson,Gastroenterology,499613,4,STR64469,Male
Carla Bennett,Endocrinology,411330,2,STR07881,Male
Jon Dillon,Gastroenterology,307298,2,STR83853,Male
Kristi Mendoza,Gastroenterology,53498,2,STR54078,Male
Corey Holmes,Psychiatry,365203,5,STR00007,Male
Julia Gross,Surgery,82965,5,STR66459,Male
Thomas Solis,Dermatology,119084,1,STR80970,Male
Theresa Brennan,Endocrinology,112027,3,STR47833,Female
Jason Hardy,Neurology,152632,3,STR10725,Male
Mrs. Ashley Alexander,Oncology,492071,2,STR57233,Male
Dr. Megan Obrien PhD,Surgery,124432,3,STR54060,Male
Cassandra Bell,Psychiatry,258762,4,STR49643,Male
Guy Rios,Surgery,496494,5,STR57511,Female
Kevin Fernandez,Urology,87961,1,STR28388,Female
Christopher Andrade,Gastroenterology,382189,5,STR37971,Female
Elizabeth Baldwin,Cardiology,83874,5,STR51006,Male
Wendy Anderson,Psychiatry,93037,2,STR71092,Female
Eric Martinez,Radiology,480630,5,STR74867,Female
Kathleen Giles,Urology,295009,2,STR62149,Female
Daniel Bell,Cardiology,246260,1,STR96043,Female
Kerri Miller,Dermatology,126905,4,STR96622,Male
Ashley Hudson DDS,Surgery,88078,4,STR07395,Female
Steve Wells,Dermatology,101682,1,STR49823,Male
Amanda Garcia,Dermatology,354189,5,STR13943,Female
Jennifer Clark,Surgery,329226,5,STR22897,Female
Donald Pacheco,Neurology,348866,5,STR23468,Female
Gregory Reese,Surgery,391264,5,STR38822,Female
Bobby Johnson,Oncology,82992,5,STR86876,Male
Rebecca Tucker,Cardiology,331556,1,STR97046,Female
Amanda Eaton,Surgery,324879,4,STR70150,Male
Julia Frank,Dermatology,432298,3,STR80448,Male
David Mckee,Neurology,189288,1,STR66274,Female
Michael Fisher,Pediatrics,488885,2,STR16204,Female
Reginald Conway,Gastroenterology,223294,1,STR93718,Male
Catherine Green,Psychiatry,273364,4,STR47979,Female
Jeremy Brown,Psychiatry,66346,5,STR70899,Female
Alexis Blackwell,Neurology,181940,3,STR77040,Female
Anthony Combs,Endocrinology,461108,4,STR62091,Male
Gerald Pittman,Cardiology,279931,4,STR25365,Male
Courtney Mcdaniel,Surgery,370416,2,STR50388,Male
Patricia Shah,Endocrinology,486420,2,STR83077,Male
Jeffrey Pearson,Psychiatry,122936,5,STR08168,Female
Christopher Kelly,Pediatrics,399832,5,STR82729,Male
Katherine Blackburn,Neurology,393536,4,STR22700,Male
Melissa Donovan,Endocrinology,222497,2,STR59224,Male
Sara Horton,Radiology,78151,2,STR81521,Female
Lisa Diaz,Psychiatry,393188,4,STR60924,Male
Jacob Alvarez,Cardiology,364648,3,STR30086,Male
Donald Walton,Radiology,119755,1,STR31886,Female
Danielle Hunter,Oncology,246722,2,STR80907,Male
Ashley Flynn DDS,Pediatrics,183279,3,STR15499,Female
John Scott,Endocrinology,393675,1,STR75258,Male
Mark Collins,Oncology,255130,1,STR23042,Female
Robert Jones,Urology,401901,1,STR80422,Female
Deborah Castillo,Psychiatry,300970,4,STR77884,Male
Todd Garcia,Neurology,65321,4,STR52209,Male
Michaela Perez,Dermatology,232629,2,STR84690,Female
Amanda Hall,Urology,89844,5,STR14598,Male
James Esparza,Urology,464890,2,STR11877,Male
Jason Roth,Psychiatry,120540,5,STR70538,Male
Paul Mitchell,Pediatrics,423677,2,STR34360,Male
Brian Gonzalez,Gastroenterology,463682,2,STR69466,Male
Jean Smith MD,Dermatology,178749,5,STR43602,Female
Marisa Hernandez,Pediatrics,422955,3,STR01492,Male
Shannon Frazier,Gastroenterology,108965,2,STR24627,Female
Erika Simmons,Gastroenterology,365051,4,STR51982,Male
Jennifer King,Endocrinology,161400,1,STR80544,Male
Maria Hart,Neurology,436144,5,STR34505,Female
Tamara Allen,Oncology,399631,4,STR60468,Female
Paul Campbell,Gastroenterology,477809,3,STR77877,Female
Gregory Boyd,Oncology,132428,1,STR32475,Male
Amy Reid,Gastroenterology,85399,2,STR24708,Female
Adam Anderson,Oncology,156490,1,STR85790,Female
Keith Weaver,Radiology,490092,5,STR77227,Male
Shannon Meyer,Urology,444435,3,STR66313,Female
Cindy Sanford,Surgery,467937,3,STR06727,Female
Stephen Hill,Dermatology,441264,2,STR17969,Female
Tricia Johnson,Pediatrics,312627,5,STR61206,Male
Dr. Steven Parks,Dermatology,301594,4,STR68679,Female
Jared Nelson,Endocrinology,129963,3,STR93017,Female
Jessica Baker,Neurology,400453,1,STR91518,Male
Lori Schultz,Oncology,386058,4,STR43850,Male
Hailey Woods,Gastroenterology,152338,2,STR46613,Male
Christine Garcia,Gastroenterology,289280,2,STR36037,Male
Kathleen Valencia,Surgery,128301,4,STR47800,Male
Johnny Townsend,Oncology,429372,1,STR75947,Male
Aaron Peterson,Oncology,424090,4,STR76878,Female
Jeffery Tate,Urology,161667,4,STR87208,Female
Jared Bennett,Pediatrics,273883,3,STR40915,Male
Diane Miller,Oncology,95590,3,STR82919,Male
Michael Wright,Gastroenterology,284873,3,STR98293,Female
Adam Sullivan,Oncology,493068,5,STR79469,Male
Bobby Banks,Radiology,227570,3,STR70245,Female
Ryan Anderson,Cardiology,243956,2,STR36572,Female
Jonathon Dorsey,Neurology,97925,5,STR21588,Female
Taylor Johnson,Dermatology,482912,1,STR48452,Female
Jill Shaw,Psychiatry,206063,1,STR99265,Female
Mark Townsend,Neurology,460892,4,STR17232,Female
Michael Sanchez,Oncology,164382,4,STR73309,Female
